"","name","rating","reviews","address","locality","phone_number","price","cusine"
"1","Chuck's","4.5","288","237 S Wilmington St","Raleigh, NC 27601-1433","919-589-7428","$$ - $$$","American"
"2","Beasley's Chicken & Honey","4.5","696","200 S Wilmington St","Raleigh, NC 27601-1434","919-322-0127","$$ - $$$","American"
"3","Beasley's Chicken & Honey","4.5","696","200 S Wilmington St","Raleigh, NC 27601-1434","919-322-0127","$$ - $$$","Vegetarian Friendly"
"4","Rey's Restaurant","4.5","225","1130 Buck Jones Rd","Raleigh, NC 27606-3325","919-380-0122","$$$$","American"
"5","Rey's Restaurant","4.5","225","1130 Buck Jones Rd","Raleigh, NC 27606-3325","919-380-0122","$$$$","Steakhouse"
"6","Rey's Restaurant","4.5","225","1130 Buck Jones Rd","Raleigh, NC 27606-3325","919-380-0122","$$$$","Cajun & Creole"
"7","Seasons 52","4.5","151","4325 Glenwood Ave","Raleigh, NC 27612-4532","919-787-3052","$$ - $$$","American"
"8","Seasons 52","4.5","151","4325 Glenwood Ave","Raleigh, NC 27612-4532","919-787-3052","$$ - $$$","Vegetarian Friendly"
"9","Seasons 52","4.5","151","4325 Glenwood Ave","Raleigh, NC 27612-4532","919-787-3052","$$ - $$$","Vegan Options"
"10","Clouds Brewing","4.5","145","126 N West St","Raleigh, NC 27603-1744","919-307-8335","$$ - $$$","American"
"11","Stanbury","4.5","127","938 N Blount St","Raleigh, NC 27604-1128","919-977-4321","$$$$","American"
"12","Stanbury","4.5","127","938 N Blount St","Raleigh, NC 27604-1128","919-977-4321","$$$$","Vegetarian Friendly"
"13","Stanbury","4.5","127","938 N Blount St","Raleigh, NC 27604-1128","919-977-4321","$$$$","Vegan Options"
"14","Vivace","4.5","280","4209 Lassiter Mill Rd Ste 115","Raleigh, NC 27609-5882","919-787-7747","$$ - $$$","Italian"
"15","Vivace","4.5","280","4209 Lassiter Mill Rd Ste 115","Raleigh, NC 27609-5882","919-787-7747","$$ - $$$","Vegetarian Friendly"
"16","Vivace","4.5","280","4209 Lassiter Mill Rd Ste 115","Raleigh, NC 27609-5882","919-787-7747","$$ - $$$","Vegan Options"
"17","Gravy","4.5","400","135 S Wilmington St","Raleigh, NC 27601-1431","919-896-8513","$$ - $$$","Italian"
"18","Gravy","4.5","400","135 S Wilmington St","Raleigh, NC 27601-1431","919-896-8513","$$ - $$$","Asian"
"19","Gravy","4.5","400","135 S Wilmington St","Raleigh, NC 27601-1431","919-896-8513","$$ - $$$","Vegetarian Friendly"
"20","Coquette Brasserie","4.0","414","4351 The Circle At North Hills St","Raleigh, NC 27609-5751","919-789-0606","$$ - $$$","French"
"21","Coquette Brasserie","4.0","414","4351 The Circle At North Hills St","Raleigh, NC 27609-5751","919-789-0606","$$ - $$$","European"
"22","Coquette Brasserie","4.0","414","4351 The Circle At North Hills St","Raleigh, NC 27609-5751","919-789-0606","$$ - $$$","Asian"
"23","Iris at NC Museum of Art","4.5","189","2110 Blue Ridge Rd","Raleigh, NC 27607-6433","919-664-6838","$$ - $$$","American"
"24","Iris at NC Museum of Art","4.5","189","2110 Blue Ridge Rd","Raleigh, NC 27607-6433","919-664-6838","$$ - $$$","Vegetarian Friendly"
"25","Iris at NC Museum of Art","4.5","189","2110 Blue Ridge Rd","Raleigh, NC 27607-6433","919-664-6838","$$ - $$$","Gluten Free Options"
"26","Tazza Kitchen Cameron Village","4.5","159","432 Woodburn Road","Raleigh, NC 27605-1324","919-835-9463","$$ - $$$","American"
"27","Tazza Kitchen Cameron Village","4.5","159","432 Woodburn Road","Raleigh, NC 27605-1324","919-835-9463","$$ - $$$","Vegetarian Friendly"
"28","Tazza Kitchen Cameron Village","4.5","159","432 Woodburn Road","Raleigh, NC 27605-1324","919-835-9463","$$ - $$$","Vegan Options"
"29","Sullivan's Steakhouse","4.0","389","410 Glenwood Avenue","Raleigh, NC 27603","919-833-2888","$$$$","American"
"30","Sullivan's Steakhouse","4.0","389","410 Glenwood Avenue","Raleigh, NC 27603","919-833-2888","$$$$","Steakhouse"
"31","Sullivan's Steakhouse","4.0","389","410 Glenwood Avenue","Raleigh, NC 27603","919-833-2888","$$$$","Gluten Free Options"
"32","ORO","4.5","189","18 E Martin St","Raleigh, NC 27601-1842","919-239-4010","$$ - $$$","American"
"33","ORO","4.5","189","18 E Martin St","Raleigh, NC 27601-1842","919-239-4010","$$ - $$$","Vegetarian Friendly"
"34","ORO","4.5","189","18 E Martin St","Raleigh, NC 27601-1842","919-239-4010","$$ - $$$","Vegan Options"
"35","The Pit Authentic Barbecue","4.0","2,708","328 W Davie St","Raleigh, NC 27601-1746","919-890-4500","$$ - $$$","American"
"36","The Pit Authentic Barbecue","4.0","2,708","328 W Davie St","Raleigh, NC 27601-1746","919-890-4500","$$ - $$$","Barbecue"
"37","The Pit Authentic Barbecue","4.0","2,708","328 W Davie St","Raleigh, NC 27601-1746","919-890-4500","$$ - $$$","Gluten Free Options"
"38","Garland","4.5","123","14 W Martin St","Raleigh, NC 27601-1320","919-833-6886","$$ - $$$","Indian"
"39","Garland","4.5","123","14 W Martin St","Raleigh, NC 27601-1320","919-833-6886","$$ - $$$","Asian"
"40","Garland","4.5","123","14 W Martin St","Raleigh, NC 27601-1320","919-833-6886","$$ - $$$","Vegetarian Friendly"
"41","P.F. Chang's","4.0","337","4325 Glenwood Ave Ste 2089","Raleigh, NC 27612","919-787-7754","$$ - $$$","Chinese"
"42","P.F. Chang's","4.0","337","4325 Glenwood Ave Ste 2089","Raleigh, NC 27612","919-787-7754","$$ - $$$","Vegetarian Friendly"
"43","P.F. Chang's","4.0","337","4325 Glenwood Ave Ste 2089","Raleigh, NC 27612","919-787-7754","$$ - $$$","Gluten Free Options"
"44","Jose & Sons","4.0","229","327 W Davie St","Raleigh, NC 27601-1702","919-755-0556","$$ - $$$","Mexican"
"45","Jose & Sons","4.0","229","327 W Davie St","Raleigh, NC 27601-1702","919-755-0556","$$ - $$$","Vegetarian Friendly"
"46","Sono Japanese Restaurant","4.5","172","319 Fayetteville St Ste 101","Raleigh, NC 27601-1978","919-521-5328","$$ - $$$","Japanese"
"47","Sono Japanese Restaurant","4.5","172","319 Fayetteville St Ste 101","Raleigh, NC 27601-1978","919-521-5328","$$ - $$$","Sushi"
"48","Sono Japanese Restaurant","4.5","172","319 Fayetteville St Ste 101","Raleigh, NC 27601-1978","919-521-5328","$$ - $$$","Asian"
"49","Centro","4.5","145","106 S Wilmington St","Raleigh, NC 27601-1432","919-835-3593","$$ - $$$","Mexican"
"50","Centro","4.5","145","106 S Wilmington St","Raleigh, NC 27601-1432","919-835-3593","$$ - $$$","Latin"
"51","Centro","4.5","145","106 S Wilmington St","Raleigh, NC 27601-1432","919-835-3593","$$ - $$$","Vegetarian Friendly"
"52","BRIO Tuscan Grille","4.0","280","4325 Glenwood Ave","Raleigh, NC 27612-4532","919-881-2048","$$ - $$$","Italian"
"53","BRIO Tuscan Grille","4.0","280","4325 Glenwood Ave","Raleigh, NC 27612-4532","919-881-2048","$$ - $$$","Vegetarian Friendly"
"54","BRIO Tuscan Grille","4.0","280","4325 Glenwood Ave","Raleigh, NC 27612-4532","919-881-2048","$$ - $$$","Vegan Options"
"55","J. Alexander's","4.5","143","4600 Crabtree Valley Ave","Raleigh, NC 27612-5735","984-200-4493","$$ - $$$","American"
"56","J. Alexander's","4.5","143","4600 Crabtree Valley Ave","Raleigh, NC 27612-5735","984-200-4493","$$ - $$$","Vegetarian Friendly"
"57","J. Alexander's","4.5","143","4600 Crabtree Valley Ave","Raleigh, NC 27612-5735","984-200-4493","$$ - $$$","Vegan Options"
"58","Oak City Meatball Shoppe","4.5","116","180 E Davie St","Raleigh, NC 27601-1806","919-714-9014","$$ - $$$","American"
"59","Oak City Meatball Shoppe","4.5","116","180 E Davie St","Raleigh, NC 27601-1806","919-714-9014","$$ - $$$","Vegetarian Friendly"
"60","The Raleigh Times Bar","4.0","394","14 E Hargett St","Raleigh, NC 27601-1426","919-833-0999","$$ - $$$","American"
"61","Mandolin","4.5","161","2519 Fairview Rd","Raleigh, NC 27608-1327",NA,"$$$$","American"
"62","Mandolin","4.5","161","2519 Fairview Rd","Raleigh, NC 27608-1327",NA,"$$$$","Vegetarian Friendly"
"63","Mandolin","4.5","161","2519 Fairview Rd","Raleigh, NC 27608-1327",NA,"$$$$","Vegan Options"
"64","SoCa","4.5","83","2130 Clark Ave","Raleigh, NC 27605-1606","919-322-0440","$$ - $$$","Caribbean"
"65","SoCa","4.5","83","2130 Clark Ave","Raleigh, NC 27605-1606","919-322-0440","$$ - $$$","Latin"
"66","Mami Nora's","4.5","221","2401 Wake Forest Rd","Raleigh, NC 27608-1709","919-834-8572","$","Peruvian"
"67","Mami Nora's","4.5","221","2401 Wake Forest Rd","Raleigh, NC 27608-1709","919-834-8572","$","Latin"
"68","Mami Nora's","4.5","221","2401 Wake Forest Rd","Raleigh, NC 27608-1709","919-834-8572","$","Gluten Free Options"
"69","Trophy Brewing and Pizza","4.5","126","827 W Morgan St","Raleigh, NC 27603-1613","919-803-4849","$$ - $$$","American"
"70","Trophy Brewing and Pizza","4.5","126","827 W Morgan St","Raleigh, NC 27603-1613","919-803-4849","$$ - $$$","Pizza"
"71","The Capital Grille","4.5","140","4242 Six Forks Rd","Raleigh, NC 27609-6084","919-787-3901","$$$$","American"
"72","The Capital Grille","4.5","140","4242 Six Forks Rd","Raleigh, NC 27609-6084","919-787-3901","$$$$","Steakhouse"
"73","The Capital Grille","4.5","140","4242 Six Forks Rd","Raleigh, NC 27609-6084","919-787-3901","$$$$","Gluten Free Options"
"74","Brixx Wood Fired Pizza","4.0","166","8511 Brier Creek Pkwy","Raleigh, NC 27617-7333","919-246-0640","$$ - $$$","Italian"
"75","Brixx Wood Fired Pizza","4.0","166","8511 Brier Creek Pkwy","Raleigh, NC 27617-7333","919-246-0640","$$ - $$$","Pizza"
"76","Brixx Wood Fired Pizza","4.0","166","8511 Brier Creek Pkwy","Raleigh, NC 27617-7333","919-246-0640","$$ - $$$","Vegetarian Friendly"
"77","Bahama Breeze","4.0","492","3309 Wake Forest Rd","Raleigh, NC 27609-7314","919-872-6330","$$ - $$$","American"
"78","Bahama Breeze","4.0","492","3309 Wake Forest Rd","Raleigh, NC 27609-7314","919-872-6330","$$ - $$$","Caribbean"
"79","Bella Monica Italian Restaurant","4.0","333","3121 Edwards Mill Rd Ste 103","Raleigh, NC 27612-5369","919-881-9778","$$ - $$$","Italian"
"80","Bella Monica Italian Restaurant","4.0","333","3121 Edwards Mill Rd Ste 103","Raleigh, NC 27612-5369","919-881-9778","$$ - $$$","Pizza"
"81","Bella Monica Italian Restaurant","4.0","333","3121 Edwards Mill Rd Ste 103","Raleigh, NC 27612-5369","919-881-9778","$$ - $$$","Asian"
"82","Caffe Luna","4.0","270","136 E Hargett St","Raleigh, NC 27601-1440","919-832-6090","$$ - $$$","Italian"
"83","Caffe Luna","4.0","270","136 E Hargett St","Raleigh, NC 27601-1440","919-832-6090","$$ - $$$","Vegan Options"
"84","Caffe Luna","4.0","270","136 E Hargett St","Raleigh, NC 27601-1440","919-832-6090","$$ - $$$","Vegetarian Friendly"
"85","Metro Diner","4.5","113","6325 Falls of Neuse Road","Raleigh, NC 27615-6877","919-578-9053","$$ - $$$","American"
"86","Metro Diner","4.5","113","6325 Falls of Neuse Road","Raleigh, NC 27615-6877","919-578-9053","$$ - $$$","Vegetarian Friendly"
"87","Fleming's Prime Steakhouse & Wine Bar","4.0","191","4325 Glenwood Ave","Raleigh, NC 27612-4532","919-571-6200","$$$$","American"
"88","Fleming's Prime Steakhouse & Wine Bar","4.0","191","4325 Glenwood Ave","Raleigh, NC 27612-4532","919-571-6200","$$$$","Steakhouse"
"89","Fleming's Prime Steakhouse & Wine Bar","4.0","191","4325 Glenwood Ave","Raleigh, NC 27612-4532","919-571-6200","$$$$","Gluten Free Options"
"90","Tupelo Honey","4.0","401","425 Oberlin Rd","Raleigh, NC 27605-1328","919-723-9353","$$ - $$$","American"
"91","Azitra Restaurant","4.5","151","8411 Brier Creek Pkwy","Raleigh, NC 27617-2007","919-484-3939","$$ - $$$","Indian"
"92","Azitra Restaurant","4.5","151","8411 Brier Creek Pkwy","Raleigh, NC 27617-2007","919-484-3939","$$ - $$$","Vegetarian Friendly"
"93","Azitra Restaurant","4.5","151","8411 Brier Creek Pkwy","Raleigh, NC 27617-2007","919-484-3939","$$ - $$$","Vegan Options"
"94","Raleigh Beer Garden","4.0","265","611 Glenwood Ave","Raleigh, NC 27603-1223","919-324-3415","$$ - $$$","American"
"95","Yard House","4.0","303","4208 Six Forks Rd","Raleigh, NC 27609-5733","919-881-2590","$$ - $$$","American"
"96","Yard House","4.0","303","4208 Six Forks Rd","Raleigh, NC 27609-5733","919-881-2590","$$ - $$$","Vegetarian Friendly"
"97","Gonza Tacos y Tequila","4.5","112","2100 Hillsborough St","Raleigh, NC 27607-7351","919-268-8965","$$ - $$$","Mexican"
"98","Humble Pie","4.0","159","317 S Harrington St","Raleigh, NC 27603-1817","919-829-9222","$$ - $$$","American"
"99","Humble Pie","4.0","159","317 S Harrington St","Raleigh, NC 27603-1817","919-829-9222","$$ - $$$","International"
"100","Humble Pie","4.0","159","317 S Harrington St","Raleigh, NC 27603-1817","919-829-9222","$$ - $$$","Vegetarian Friendly"
"101","Whiskey Kitchen","4.5","118","201 W Martin St","Raleigh, NC 27601","919-803-3181","$$ - $$$","American"
"102","Brasa Brazilian Steakhouse","4.0","288","8551 Brier Creek Pkwy","Raleigh, NC 27617-7333","919-544-3344","$$$$","Steakhouse"
"103","Brasa Brazilian Steakhouse","4.0","288","8551 Brier Creek Pkwy","Raleigh, NC 27617-7333","919-544-3344","$$$$","Vegetarian Friendly"
"104","Mojoe's Burger Joint","4.5","135","620 Glenwood Ave","Raleigh, NC 27603-1224","919-832-6799","$","American"
"105","Ole Time Barbecue","4.5","152","6309 Hillsborough St","Raleigh, NC 27606-1148","919-859-2544","$","American"
"106","Ole Time Barbecue","4.5","152","6309 Hillsborough St","Raleigh, NC 27606-1148","919-859-2544","$","Barbecue"
"107","Poppyseed Market","4.5","104","8801 Lead Mine Rd Ste 107","Raleigh, NC 27615-2750","919-870-4997","$$ - $$$","American"
"108","Poppyseed Market","4.5","104","8801 Lead Mine Rd Ste 107","Raleigh, NC 27615-2750","919-870-4997","$$ - $$$","Deli"
"109","Margaux's Restaurant","4.0","276","8111 Creedmoor Rd","Raleigh, NC 27613-4389","919-846-9846","$$$$","American"
"110","Margaux's Restaurant","4.0","276","8111 Creedmoor Rd","Raleigh, NC 27613-4389","919-846-9846","$$$$","International"
"111","Margaux's Restaurant","4.0","276","8111 Creedmoor Rd","Raleigh, NC 27613-4389","919-846-9846","$$$$","Vegetarian Friendly"
"112","Jimmy V's Osteria + Bar","4.0","292","420 Fayetteville St","Raleigh, NC 27601-1741","919-256-1451","$$ - $$$","Italian"
"113","Jimmy V's Osteria + Bar","4.0","292","420 Fayetteville St","Raleigh, NC 27601-1741","919-256-1451","$$ - $$$","American"
"114","Ajisai Japanese Fusion","4.5","69","427 Woodburn Rd","Raleigh, NC 27605-1323","919-831-9907","$$ - $$$","Sushi"
"115","Ajisai Japanese Fusion","4.5","69","427 Woodburn Rd","Raleigh, NC 27605-1323","919-831-9907","$$ - $$$","Asian"
"116","Ajisai Japanese Fusion","4.5","69","427 Woodburn Rd","Raleigh, NC 27605-1323","919-831-9907","$$ - $$$","Japanese"
"117","Vic's Italian Restaurant","4.0","151","331 Blake St","Raleigh, NC 27601-1801","919-829-7090","$$ - $$$","Italian"
"118","Vic's Italian Restaurant","4.0","151","331 Blake St","Raleigh, NC 27601-1801","919-829-7090","$$ - $$$","Pizza"
"119","Vic's Italian Restaurant","4.0","151","331 Blake St","Raleigh, NC 27601-1801","919-829-7090","$$ - $$$","Vegetarian Friendly"
"120","The Roast Grill Hot Weiners","4.5","125","7 S West St","Raleigh, NC 27603-1849","919-832-8292","$","American"
"121","The Roast Grill Hot Weiners","4.5","125","7 S West St","Raleigh, NC 27603-1849","919-832-8292","$","Fast Food"
"122","Backyard Bistro","4.0","271","1235 Hurricane Alley Way","Raleigh, NC 27607-3627","919-851-6203","$$ - $$$","American"
"123","Red Hot & Blue","4.5","122","6615 Falls of Neuse Rd","Raleigh, NC 27615-6816","919-846-7427","$$ - $$$","American"
"124","Red Hot & Blue","4.5","122","6615 Falls of Neuse Rd","Raleigh, NC 27615-6816","919-846-7427","$$ - $$$","Barbecue"
"125","Pam's Farmhouse","4.5","119","5111 Western Blvd","Raleigh, NC 27606-1639","919-859-9990","$","American"
"126","Pam's Farmhouse","4.5","119","5111 Western Blvd","Raleigh, NC 27606-1639","919-859-9990","$","Vegetarian Friendly"
"127","First Watch","4.0","121","6109 Glenwood Ave","Raleigh, NC 27612-2613","919-789-3347","$$ - $$$","American"
"128","First Watch","4.0","121","6109 Glenwood Ave","Raleigh, NC 27612-2613","919-789-3347","$$ - $$$","Healthy"
"129","First Watch","4.0","121","6109 Glenwood Ave","Raleigh, NC 27612-2613","919-789-3347","$$ - $$$","Vegetarian Friendly"
"130","D and S Cafeteria","4.5","79","1177 Buck Jones Rd","Raleigh, NC 27606-3324","919-462-8404","$","American"
"131","D and S Cafeteria","4.5","79","1177 Buck Jones Rd","Raleigh, NC 27606-3324","919-462-8404","$","Vegetarian Friendly"
"132","D and S Cafeteria","4.5","79","1177 Buck Jones Rd","Raleigh, NC 27606-3324","919-462-8404","$","Vegan Options"
"133","NOFO @ the Pig","4.0","146","2014 Fairview Rd","Raleigh, NC 27608-2316","919-821-1240","$$ - $$$","American"
"134","NOFO @ the Pig","4.0","146","2014 Fairview Rd","Raleigh, NC 27608-2316","919-821-1240","$$ - $$$","Vegetarian Friendly"
"135","NOFO @ the Pig","4.0","146","2014 Fairview Rd","Raleigh, NC 27608-2316","919-821-1240","$$ - $$$","Vegan Options"
"136","Trali Irish Pub and Restaurant","4.0","177","10370 Moncreiffe Rd","Raleigh, NC 27617-7822","919-544-4141","$$ - $$$","Irish"
"137","Simply Crepes Cafe - Raleigh","4.0","197","8470 Honeycutt Rd","Raleigh, NC 27615-2258","919-322-2327","$$ - $$$","International"
"138","Simply Crepes Cafe - Raleigh","4.0","197","8470 Honeycutt Rd","Raleigh, NC 27615-2258","919-322-2327","$$ - $$$","French"
"139","Simply Crepes Cafe - Raleigh","4.0","197","8470 Honeycutt Rd","Raleigh, NC 27615-2258","919-322-2327","$$ - $$$","American"
"140","The Remedy Diner","4.0","185","927-116 West Morgan St","Raleigh, NC 27603-2575","919-835-3553","$$ - $$$","American"
"141","The Remedy Diner","4.0","185","927-116 West Morgan St","Raleigh, NC 27603-2575","919-835-3553","$$ - $$$","Vegetarian Friendly"
"142","Hibernian Irish Pub & Restaurant","4.0","196","311 Glenwood Ave","Raleigh, NC 27603-1406","919-833-2258","$$ - $$$","Irish"
"143","Dos Taquitos Mexican Restaurant","4.0","150","5629 Creedmoor Rd","Raleigh, NC 27612-6316","919-787-3373","$$ - $$$","Mexican"
"144","Imperial Garden Chinese Restaurant","4.5","69","7713 Lead Mine Rd Ste 15","Raleigh, NC 27615-4805","919-846-1988","$$ - $$$","Chinese"
"145","Imperial Garden Chinese Restaurant","4.5","69","7713 Lead Mine Rd Ste 15","Raleigh, NC 27615-4805","919-846-1988","$$ - $$$","Asian"
"146","Imperial Garden Chinese Restaurant","4.5","69","7713 Lead Mine Rd Ste 15","Raleigh, NC 27615-4805","919-846-1988","$$ - $$$","Vegetarian Friendly"
"147","Parkside Restaurant","4.5","59","301 W Martin St","Raleigh, NC 27601","984-232-8969","$$ - $$$","Steakhouse"
"148","Parkside Restaurant","4.5","59","301 W Martin St","Raleigh, NC 27601","984-232-8969","$$ - $$$","American"
"149","Carolina Ale House","4.0","169","7981 Skyland Ridge Pkwy","Raleigh, NC 27617-8625","919-957-4200","$$ - $$$","American"
"150","Kimbap","4.0","79","111 Seaboard Ave","Raleigh, NC 27604-1151","919-900-8053","$$ - $$$","Asian"
"151","Kimbap","4.0","79","111 Seaboard Ave","Raleigh, NC 27604-1151","919-900-8053","$$ - $$$","Korean"
"152","Kimbap","4.0","79","111 Seaboard Ave","Raleigh, NC 27604-1151","919-900-8053","$$ - $$$","Gluten Free Options"
"153","Plates Neighborhood Kitchen","4.0","110","301 Glenwood Ave","Raleigh, NC 27603-2195","919-828-0018","$$ - $$$","American"
"154","Plates Neighborhood Kitchen","4.0","110","301 Glenwood Ave","Raleigh, NC 27603-2195","919-828-0018","$$ - $$$","Healthy"
"155","Nantucket Grilll","4.0","144","1145 Falls River Ave","Raleigh, NC 27614-7773",NA,"$$ - $$$","American"
"156","Nantucket Grilll","4.0","144","1145 Falls River Ave","Raleigh, NC 27614-7773",NA,"$$ - $$$","Vegetarian Friendly"
"157","Nantucket Grilll","4.0","144","1145 Falls River Ave","Raleigh, NC 27614-7773",NA,"$$ - $$$","Gluten Free Options"
"158","The Players Retreat","4.0","105","105 Oberlin Rd","Raleigh, NC 27605-1648","919-755-9589","$$ - $$$","American"
"159","Sunflowers Cafe","4.0","76","8 W Peace St","Raleigh, NC 27603-1126","919-833-4676","$$ - $$$","American"
"160","Sunflowers Cafe","4.0","76","8 W Peace St","Raleigh, NC 27603-1126","919-833-4676","$$ - $$$","Cafe"
"161","Sunflowers Cafe","4.0","76","8 W Peace St","Raleigh, NC 27603-1126","919-833-4676","$$ - $$$","Soups"
"162","Mura","4.0","192","4121 Main At North Hills St Ste 110","Raleigh, NC 27609-5756","919-781-7887","$$ - $$$","Japanese"
"163","Mura","4.0","192","4121 Main At North Hills St Ste 110","Raleigh, NC 27609-5756","919-781-7887","$$ - $$$","Sushi"
"164","Mura","4.0","192","4121 Main At North Hills St Ste 110","Raleigh, NC 27609-5756","919-781-7887","$$ - $$$","Asian"
"165","Red Pepper Asian","4.5","43","4121 New Bern Ave","Raleigh, NC 27610-0133","919-594-1006","$$ - $$$","Asian"
"166","Red Pepper Asian","4.5","43","4121 New Bern Ave","Raleigh, NC 27610-0133","919-594-1006","$$ - $$$","Chinese"
"167","Red Pepper Asian","4.5","43","4121 New Bern Ave","Raleigh, NC 27610-0133","919-594-1006","$$ - $$$","Thai"
"168","Waraji Japanese Restaurant & Sushi Bar in Raleigh NC","4.0","152","5910 Duraleigh Rd Ste 147","Raleigh, NC 27612-2580","919-783-1883","$$ - $$$","Japanese"
"169","Waraji Japanese Restaurant & Sushi Bar in Raleigh NC","4.0","152","5910 Duraleigh Rd Ste 147","Raleigh, NC 27612-2580","919-783-1883","$$ - $$$","Sushi"
"170","Waraji Japanese Restaurant & Sushi Bar in Raleigh NC","4.0","152","5910 Duraleigh Rd Ste 147","Raleigh, NC 27612-2580","919-783-1883","$$ - $$$","Asian"
"171","Capri Restaurant","4.5","83","6325 Falls of Neuse Rd Ste 17","Raleigh, NC 27615-6809","919-878-4424","$$ - $$$","Italian"
"172","Vinos Finos","4.5","66","8450 Honeycutt Rd","Raleigh, NC 27615-2264","919-747-9233","$$ - $$$","Spanish"
"173","Vinos Finos","4.5","66","8450 Honeycutt Rd","Raleigh, NC 27615-2264","919-747-9233","$$ - $$$","Argentinean"
"174","Marriott City Center","4.5","41","500 Fayetteville St","Raleigh, NC 27601-2118","919-833-1120","$$ - $$$","American"
"175","Mitch's Tavern","4.5","54","2426 Hillsborough St","Raleigh, NC 27607-7248","919-821-7771","$","American"
"176","Hibernian Irish Pub & Restaurant","4.0","119","8021 Falls of Neuse Rd","Raleigh, NC 27615-3314","919-803-0290","$$ - $$$","American"
"177","Hibernian Irish Pub & Restaurant","4.0","119","8021 Falls of Neuse Rd","Raleigh, NC 27615-3314","919-803-0290","$$ - $$$","Irish"
"178","Pho Far East","4.5","70","4011 Capital Blvd Ste 133","Raleigh, NC 27604-3486","919-876-8621","$$ - $$$","Asian"
"179","Pho Far East","4.5","70","4011 Capital Blvd Ste 133","Raleigh, NC 27604-3486","919-876-8621","$$ - $$$","Vietnamese"
"180","Pho Far East","4.5","70","4011 Capital Blvd Ste 133","Raleigh, NC 27604-3486","919-876-8621","$$ - $$$","Vegetarian Friendly"
"181","Soo Cafe","4.5","51","2815 Brentwood Rd","Raleigh, NC 27604-3225","919-876-1969","$","Asian"
"182","Soo Cafe","4.5","51","2815 Brentwood Rd","Raleigh, NC 27604-3225","919-876-1969","$","Korean"
"183","Mofu Shoppe","4.5","31","321 S Blount St","Raleigh, NC 27601-1803","919-301-8465","$$ - $$$","Asian"
"184","Mofu Shoppe","4.5","31","321 S Blount St","Raleigh, NC 27601-1803","919-301-8465","$$ - $$$","Vegetarian Friendly"
"185","Ruth's Chris Steak House","4.0","155","4381 Lassiter At North Hills Ave","Raleigh, NC 27609-5731","919-791-1103","$$$$","American"
"186","Ruth's Chris Steak House","4.0","155","4381 Lassiter At North Hills Ave","Raleigh, NC 27609-5731","919-791-1103","$$$$","Steakhouse"
"187","The Station at Person St","4.0","92","701 N Person St","Raleigh, NC 27604-1215","919-977-1567","$$ - $$$","American"
"188","The Station at Person St","4.0","92","701 N Person St","Raleigh, NC 27604-1215","919-977-1567","$$ - $$$","Vegetarian Friendly"
"189","Another Broken Egg Cafe","4.0","114","160 Park At North Hills St","Raleigh, NC 27609-5766","919-307-8195","$$ - $$$","American"
"190","Another Broken Egg Cafe","4.0","114","160 Park At North Hills St","Raleigh, NC 27609-5766","919-307-8195","$$ - $$$","Cafe"
"191","Another Broken Egg Cafe","4.0","114","160 Park At North Hills St","Raleigh, NC 27609-5766","919-307-8195","$$ - $$$","Vegetarian Friendly"
"192","The Oak","4.0","76","4035 Lake Boone Trl","Raleigh, NC 27607-2800","919-787-9100","$$ - $$$","American"
"193","The Melting Pot","4.0","135","3100 Wake Forest Rd","Raleigh, NC 27609-7846","919-878-0477","$$$$","American"
"194","The Melting Pot","4.0","135","3100 Wake Forest Rd","Raleigh, NC 27609-7846","919-878-0477","$$$$","Gluten Free Options"
"195","Slice of NY pizza","4.5","54","8301 Brier Creek Pkwy","Raleigh, NC 27617-7326","919-405-1301","$","Italian"
"196","Slice of NY pizza","4.5","54","8301 Brier Creek Pkwy","Raleigh, NC 27617-7326","919-405-1301","$","Pizza"
"197","Slice of NY pizza","4.5","54","8301 Brier Creek Pkwy","Raleigh, NC 27617-7326","919-405-1301","$","Vegetarian Friendly"
"198","Fresh Levant Bistro","4.5","40","8450 Honeycutt Road","Raleigh, NC 27615","984-200-3999","$$ - $$$","Vegetarian Friendly"
"199","Fresh Levant Bistro","4.5","40","8450 Honeycutt Road","Raleigh, NC 27615","984-200-3999","$$ - $$$","Vegan Options"
"200","Fresh Levant Bistro","4.5","40","8450 Honeycutt Road","Raleigh, NC 27615","984-200-3999","$$ - $$$","Gluten Free Options"
"201","Kickback Jack's","4.0","103","1405 Garner Station Blvd","Raleigh, NC 27603-3630","919-803-5068","$$ - $$$","American"
"202","Cafe Capistrano","4.5","67","8471 Garvey Dr","Raleigh, NC 27616-3369","919-872-1127","$$ - $$$","Mexican"
"203","Cafe Capistrano","4.5","67","8471 Garvey Dr","Raleigh, NC 27616-3369","919-872-1127","$$ - $$$","Vegetarian Friendly"
"204","Zest Cafe and Home Art","4.5","74","8831 Six Forks Rd","Raleigh, NC 27615-2970","919-848-4792","$$ - $$$","American"
"205","Zest Cafe and Home Art","4.5","74","8831 Six Forks Rd","Raleigh, NC 27615-2970","919-848-4792","$$ - $$$","Cafe"
"206","Zest Cafe and Home Art","4.5","74","8831 Six Forks Rd","Raleigh, NC 27615-2970","919-848-4792","$$ - $$$","International"
"207","Kanki Japanese House of Steaks","4.0","185","4325 Glenwood Ave","Raleigh, NC 27612-4532","919-782-9708","$$ - $$$","Japanese"
"208","Kanki Japanese House of Steaks","4.0","185","4325 Glenwood Ave","Raleigh, NC 27612-4532","919-782-9708","$$ - $$$","Steakhouse"
"209","Kanki Japanese House of Steaks","4.0","185","4325 Glenwood Ave","Raleigh, NC 27612-4532","919-782-9708","$$ - $$$","Sushi"
"210","Peddlers Steak House The","4.0","117","6005 Glenwood Ave","Raleigh, NC 27612-2699","919-787-6980","$$$$","American"
"211","Peddlers Steak House The","4.0","117","6005 Glenwood Ave","Raleigh, NC 27612-2699","919-787-6980","$$$$","Steakhouse"
"212","City Market Sushi","4.5","28","315 Blake St","Raleigh, NC 27601-1801","919-322-1987","$$ - $$$","Japanese"
"213","City Market Sushi","4.5","28","315 Blake St","Raleigh, NC 27601-1801","919-322-1987","$$ - $$$","Sushi"
"214","City Market Sushi","4.5","28","315 Blake St","Raleigh, NC 27601-1801","919-322-1987","$$ - $$$","Asian"
"215","Vidrio","4.0","85","500 Glenwood Ave","Raleigh, NC 27603-1222","919-803-6033","$$ - $$$","Mediterranean"
"216","Vidrio","4.0","85","500 Glenwood Ave","Raleigh, NC 27603-1222","919-803-6033","$$ - $$$","Vegetarian Friendly"
"217","Oakwood Cafe","4.0","83","300 E Edenton St","Raleigh, NC 27601-1018","919-828-5994","$$ - $$$","Latin"
"218","Oakwood Cafe","4.0","83","300 E Edenton St","Raleigh, NC 27601-1018","919-828-5994","$$ - $$$","Argentinean"
"219","Cortez Seafood and Cocktail","4.5","27","413 Glenwood Ave","Raleigh, NC 27603-2198","919-342-8227","$$ - $$$","Seafood"
"220","Village Draft House","4.0","105","428 Daniels St","Raleigh, NC 27605-1315","919-833-1373","$$ - $$$","American"
"221","Tuscan Blu","4.0","140","327 W Davie St","Raleigh, NC 27601-1702","919-834-5707","$$ - $$$","Italian"
"222","Tuscan Blu","4.0","140","327 W Davie St","Raleigh, NC 27601-1702","919-834-5707","$$ - $$$","Vegetarian Friendly"
"223","Bad Daddy's Burger Bar - Olive Park","4.5","41","9402 Falls of Neuse Rd","Raleigh, NC 27615-2595","984-233-5880","$$ - $$$","American"
"224","Bruno Restaurant","4.0","84","11211 Galleria Ave","Raleigh, NC 27614-8137","919-435-6640","$$$$","Italian"
"225","Bruno Restaurant","4.0","84","11211 Galleria Ave","Raleigh, NC 27614-8137","919-435-6640","$$$$","American"
"226","Bruno Restaurant","4.0","84","11211 Galleria Ave","Raleigh, NC 27614-8137","919-435-6640","$$$$","Vegetarian Friendly"
"227","Seaboard Cafe","4.5","51","707 Semart Dr","Raleigh, NC 27604-1158","919-821-7553","$$ - $$$","American"
"228","Seaboard Cafe","4.5","51","707 Semart Dr","Raleigh, NC 27604-1158","919-821-7553","$$ - $$$","Cafe"
"229","Seaboard Cafe","4.5","51","707 Semart Dr","Raleigh, NC 27604-1158","919-821-7553","$$ - $$$","Deli"
"230","Kadhai, The Indian Wok","4.5","81","6260 Glenwood Ave Ste 112","Raleigh, NC 27612-2612","919-785-9730","$$ - $$$","Indian"
"231","Kadhai, The Indian Wok","4.5","81","6260 Glenwood Ave Ste 112","Raleigh, NC 27612-2612","919-785-9730","$$ - $$$","Asian"
"232","Kadhai, The Indian Wok","4.5","81","6260 Glenwood Ave Ste 112","Raleigh, NC 27612-2612","919-785-9730","$$ - $$$","Vegetarian Friendly"
"233","Taqueria El Toro","4.5","34","3615 Junction Blvd","Raleigh, NC 27603-3636","919-661-5676","$","Mexican"
"234","Taqueria El Toro","4.5","34","3615 Junction Blvd","Raleigh, NC 27603-3636","919-661-5676","$","Latin"
"235","Taqueria El Toro","4.5","34","3615 Junction Blvd","Raleigh, NC 27603-3636","919-661-5676","$","Spanish"
"236","Fujisan Japanese Steakhouse","4.0","59","8411 Brier Creek Pkwy","Raleigh, NC 27617-2007","919-806-2888","$$ - $$$","Japanese"
"237","Fujisan Japanese Steakhouse","4.0","59","8411 Brier Creek Pkwy","Raleigh, NC 27617-2007","919-806-2888","$$ - $$$","Asian"
"238","Fujisan Japanese Steakhouse","4.0","59","8411 Brier Creek Pkwy","Raleigh, NC 27617-2007","919-806-2888","$$ - $$$","Vegetarian Friendly"
"239","Cantina 18","4.0","94","433 Daniels St","Raleigh, NC 27605-1314","919-835-9911","$$ - $$$","Mexican"
"240","Cantina 18","4.0","94","433 Daniels St","Raleigh, NC 27605-1314","919-835-9911","$$ - $$$","Vegetarian Friendly"
"241","Cristo's","4.5","42","1302 E Millbrook Rd","Raleigh, NC 27609-5474","919-872-6797","$$ - $$$","Italian"
"242","Cristo's","4.5","42","1302 E Millbrook Rd","Raleigh, NC 27609-5474","919-872-6797","$$ - $$$","Pizza"
"243","Rye Bar & Southern Kitchen","4.0","187","500 Fayetteville St","Raleigh, NC 27601-2118","919-227-3370","$$ - $$$","American"
"244","Rye Bar & Southern Kitchen","4.0","187","500 Fayetteville St","Raleigh, NC 27601-2118","919-227-3370","$$ - $$$","Vegetarian Friendly"
"245","Mi Cancun","4.5","38","6675 Falls of Neuse Rd","Raleigh, NC 27615-6803","919-977-3355","$$ - $$$","Mexican"
"246","Mi Cancun","4.5","38","6675 Falls of Neuse Rd","Raleigh, NC 27615-6803","919-977-3355","$$ - $$$","Vegetarian Friendly"
"247","Cafe Carolina & Bakery","4.0","88","401 Daniels St","Raleigh, NC 27605-1314","919-821-7117","$$ - $$$","American"
"248","Cafe Carolina & Bakery","4.0","88","401 Daniels St","Raleigh, NC 27605-1314","919-821-7117","$$ - $$$","Cafe"
"249","Cafe Carolina & Bakery","4.0","88","401 Daniels St","Raleigh, NC 27605-1314","919-821-7117","$$ - $$$","Vegetarian Friendly"
"250","The Pipers Restaurant and Tavern","4.0","90","8304 Falls of Neuse Rd","Raleigh, NC 27615-3416","919-676-7413","$$ - $$$","American"
"251","El Rodeo Mexican Restaurant","4.5","37","4112 Pleasant Valley Rd","Raleigh, NC 27612-6256","919-571-1188","$$ - $$$","Mexican"
"252","Cloo's Coney Island Hot Dogs","4.5","52","2233 Avent Ferry Rd Ste 102","Raleigh, NC 27606-2138","919-834-3354","$","American"
"253","Cloo's Coney Island Hot Dogs","4.5","52","2233 Avent Ferry Rd Ste 102","Raleigh, NC 27606-2138","919-834-3354","$","Fast Food"
"254","Side Street Restaurant","4.5","51","225 N Bloodworth St","Raleigh, NC 27601-1105","919-828-4927","$$ - $$$","American"
"255","Side Street Restaurant","4.5","51","225 N Bloodworth St","Raleigh, NC 27601-1105","919-828-4927","$$ - $$$","Deli"
"256","Side Street Restaurant","4.5","51","225 N Bloodworth St","Raleigh, NC 27601-1105","919-828-4927","$$ - $$$","Vegetarian Friendly"
"257","LongHorn Steakhouse","4.0","121","8121 Brier Creek Pkwy","Raleigh, NC 27617-7598","919-484-7669","$$ - $$$","American"
"258","LongHorn Steakhouse","4.0","121","8121 Brier Creek Pkwy","Raleigh, NC 27617-7598","919-484-7669","$$ - $$$","Steakhouse"
"259","Orchid Japanese Restaurant","4.5","39","7432 Creedmoor Rd","Raleigh, NC 27613-1663","919-890-5345","$$ - $$$","Japanese"
"260","Orchid Japanese Restaurant","4.5","39","7432 Creedmoor Rd","Raleigh, NC 27613-1663","919-890-5345","$$ - $$$","Sushi"
"261","Orchid Japanese Restaurant","4.5","39","7432 Creedmoor Rd","Raleigh, NC 27613-1663","919-890-5345","$$ - $$$","Asian"
"262","Cafe Tiramisu","4.5","35","6008 Falls of Neuse Road","Raleigh, NC 27609-3526","919-790-1006","$$$$","Italian"
"263","Cafe Tiramisu","4.5","35","6008 Falls of Neuse Road","Raleigh, NC 27609-3526","919-790-1006","$$$$","Vegetarian Friendly"
"264","Big Ed's North","4.0","85","5009 Falls of Neuse Rd","Raleigh, NC 27609-5462","919-747-9533","$$ - $$$","American"
"265","Big Ed's North","4.0","85","5009 Falls of Neuse Rd","Raleigh, NC 27609-5462","919-747-9533","$$ - $$$","Vegetarian Friendly"
"266","bartaco","4.5","26","4121 Main At North Hills","Raleigh, NC 27609","919-626-8226","$$ - $$$","Mexican"
